{
  "report_type": "performance_trends",
  "time_range": "7d",
  "generated_at": 1753845056.8181388,
  "trends": {
    "cpu": {
      "average": 22.9,
      "max": 22.9,
      "min": 22.9,
      "trend": "stable"
    },
    "memory": {
      "average": 69.9,
      "max": 69.9,
      "min": 69.9,
      "trend": "stable"
    },
    "disk": {
      "average": 7.1589813232421875,
      "max": 7.1589813232421875,
      "min": 7.1589813232421875,
      "trend": "stable"
    }
  },
  "historical_data": [
    [
      1,
      1753841240.305395,
      22.9,
      69.9,
      7.1589813232421875,
      16.0,
      1.6,
      11.729290008544922,
      926.3224220275879,
      3166.9755859375,
      196.265625,
      0.0,
      0.0,
      780,
      4.57275390625,
      4.0341796875,
      2.9814453125,
      null,
      66.0,
      0,
      "2025-07-30 02:07:26"
    ]
  ]
}