{
  "report_type": "system_health",
  "time_range": "24h",
  "generated_at": 1753845094.781603,
  "current_metrics": {
    "timestamp": 1753845088.762326,
    "cpu_percent": 7.8,
    "memory_percent": 67.4,
    "memory_used_gb": 7.4459686279296875,
    "memory_total_gb": 16.0,
    "disk_percent": 1.6,
    "disk_used_gb": 11.729290008544922,
    "disk_total_gb": 926.3224220275879,
    "network_sent_mb": 3447.0107421875,
    "network_recv_mb": 969.650390625,
    "network_sent_rate": 0.0,
    "network_recv_rate": 0.0,
    "process_count": 774,
    "load_average": [
      2.42919921875,
      2.6279296875,
      2.7421875
    ],
    "temperature": null,
    "battery_percent": 41,
    "battery_plugged": false
  },
  "health_summary": {
    "health_score": 100,
    "status": "healthy",
    "metrics": {
      "timestamp": 1753845094.77965,
      "cpu_percent": 7.0,
      "memory_percent": 67.2,
      "memory_used_gb": 7.415191650390625,
      "memory_total_gb": 16.0,
      "disk_percent": 1.6,
      "disk_used_gb": 11.729290008544922,
      "disk_total_gb": 926.3224220275879,
      "network_sent_mb": 3447.048828125,
      "network_recv_mb": 969.6982421875,
      "network_sent_rate": 0.03786349430959635,
      "network_recv_rate": 0.04757208259410824,
      "process_count": 774,
      "load_average": [
        2.314453125,
        2.6005859375,
        2.73193359375
      ],
      "temperature": null,
      "battery_percent": 41,
      "battery_plugged": false
    },
    "alerts": []
  },
  "historical_data": [
    [
      1,
      1753841240.305395,
      22.9,
      69.9,
      7.1589813232421875,
      16.0,
      1.6,
      11.729290008544922,
      926.3224220275879,
      3166.9755859375,
      196.265625,
      0.0,
      0.0,
      780,
      4.57275390625,
      4.0341796875,
      2.9814453125,
      null,
      66.0,
      0,
      "2025-07-30 02:07:26"
    ]
  ],
  "recommendations": []
}