{
  "report_type": "system_health",
  "time_range": "24h",
  "generated_at": 1753845056.8144681,
  "current_metrics": {
    "timestamp": 1753845050.7954528,
    "cpu_percent": 16.9,
    "memory_percent": 67.5,
    "memory_used_gb": 7.460723876953125,
    "memory_total_gb": 16.0,
    "disk_percent": 1.6,
    "disk_used_gb": 11.729290008544922,
    "disk_total_gb": 926.3224220275879,
    "network_sent_mb": 3444.833984375,
    "network_recv_mb": 968.416015625,
    "network_sent_rate": 0.0,
    "network_recv_rate": 0.0,
    "process_count": 773,
    "load_average": [
      2.8017578125,
      2.70458984375,
      2.77490234375
    ],
    "temperature": null,
    "battery_percent": 41,
    "battery_plugged": false
  },
  "health_summary": {
    "health_score": 100,
    "status": "healthy",
    "metrics": {
      "timestamp": 1753845056.8109472,
      "cpu_percent": 7.7,
      "memory_percent": 67.3,
      "memory_used_gb": 7.4309844970703125,
      "memory_total_gb": 16.0,
      "disk_percent": 1.6,
      "disk_used_gb": 11.729290008544922,
      "disk_total_gb": 926.3224220275879,
      "network_sent_mb": 3445.578125,
      "network_recv_mb": 968.458984375,
      "network_sent_rate": 0.7396317377323914,
      "network_recv_rate": 0.042708394304757515,
      "process_count": 774,
      "load_average": [
        3.0576171875,
        2.75927734375,
        2.79345703125
      ],
      "temperature": null,
      "battery_percent": 41,
      "battery_plugged": false
    },
    "alerts": []
  },
  "historical_data": [
    [
      1,
      1753841240.305395,
      22.9,
      69.9,
      7.1589813232421875,
      16.0,
      1.6,
      11.729290008544922,
      926.3224220275879,
      3166.9755859375,
      196.265625,
      0.0,
      0.0,
      780,
      4.57275390625,
      4.0341796875,
      2.9814453125,
      null,
      66.0,
      0,
      "2025-07-30 02:07:26"
    ]
  ],
  "recommendations": []
}